{
    "results": {
        "tool": {
            "name": "pytest",
            "version": "8.4.1"
        },
        "summary": {
            "tests": 2,
            "passed": 2,
            "failed": 0,
            "skipped": 0,
            "pending": 0,
            "other": 0,
            "start": 1783532348.6719477,
            "stop": 1783532348.698533
        },
        "tests": [
            {
                "name": "test_outputs.py::test_report_exists",
                "status": "passed",
                "duration": 0.0011160550002387026,
                "start": 1783532348.6933107,
                "stop": 1783532348.6953673,
                "retries": 0,
                "file_path": "test_outputs.py"
            },
            {
                "name": "test_outputs.py::test_report_nonempty",
                "status": "passed",
                "duration": 0.0007284719977178611,
                "start": 1783532348.695728,
                "stop": 1783532348.697157,
                "retries": 0,
                "file_path": "test_outputs.py"
            }
        ]
    }
}