{
    "results": {
        "tool": {
            "name": "pytest",
            "version": "8.4.1"
        },
        "summary": {
            "tests": 2,
            "passed": 2,
            "failed": 0,
            "skipped": 0,
            "pending": 0,
            "other": 0,
            "start": 1783532764.4467738,
            "stop": 1783532764.4681723
        },
        "tests": [
            {
                "name": "test_outputs.py::test_report_exists",
                "status": "passed",
                "duration": 0.0010586229982436635,
                "start": 1783532764.4632113,
                "stop": 1783532764.4650755,
                "retries": 0,
                "file_path": "test_outputs.py"
            },
            {
                "name": "test_outputs.py::test_report_nonempty",
                "status": "passed",
                "duration": 0.0010178940010519,
                "start": 1783532764.4654295,
                "stop": 1783532764.4673488,
                "retries": 0,
                "file_path": "test_outputs.py"
            }
        ]
    }
}